entity,code,year,ev_stock
Australia,AUS,2011,49
Australia,AUS,2012,300
Australia,AUS,2013,590
Australia,AUS,2014,1880
Australia,AUS,2015,3600
Australia,AUS,2016,5000
Australia,AUS,2017,7300
Australia,AUS,2018,10900
Australia,AUS,2019,20600
Australia,AUS,2020,27000
Australia,AUS,2021,48000
Australia,AUS,2022,88000
Australia,AUS,2023,181000
Australia,AUS,2024,304000
Australia,AUS,2025,434000
Austria,AUT,2010,350
Austria,AUT,2011,990
Austria,AUT,2012,1540
Austria,AUT,2013,2510
Austria,AUT,2014,4180
Austria,AUT,2015,6500
Austria,AUT,2016,11400
Austria,AUT,2017,18900
Austria,AUT,2018,26700
Austria,AUT,2019,38000
Austria,AUT,2020,60000
Austria,AUT,2021,106000
Austria,AUT,2022,152000
Austria,AUT,2023,218000
Austria,AUT,2024,275000
Austria,AUT,2025,355000
Belgium,BEL,2010,70
Belgium,BEL,2011,346
Belgium,BEL,2012,1180
Belgium,BEL,2013,1790
Belgium,BEL,2014,3700
Belgium,BEL,2015,7100
Belgium,BEL,2016,16200
Belgium,BEL,2017,30500
Belgium,BEL,2018,44000
Belgium,BEL,2019,60000
Belgium,BEL,2020,105000
Belgium,BEL,2021,172000
Belgium,BEL,2022,270000
Belgium,BEL,2023,470000
Belgium,BEL,2024,580000
Belgium,BEL,2025,770000
Brazil,BRA,2014,61
Brazil,BRA,2015,148
Brazil,BRA,2016,325
Brazil,BRA,2017,680
Brazil,BRA,2018,1050
Brazil,BRA,2019,2990
Brazil,BRA,2020,5400
Brazil,BRA,2021,19400
Brazil,BRA,2022,39000
Brazil,BRA,2023,92000
Brazil,BRA,2024,214000
Brazil,BRA,2025,390000
Cambodia,KHM,2021,42
Cambodia,KHM,2022,340
Cambodia,KHM,2023,830
Cambodia,KHM,2024,3130
Cambodia,KHM,2025,7340
Canada,CAN,2011,550
Canada,CAN,2012,2430
Canada,CAN,2013,5500
Canada,CAN,2014,10700
Canada,CAN,2015,17600
Canada,CAN,2016,29000
Canada,CAN,2017,47000
Canada,CAN,2018,87000
Canada,CAN,2019,136000
Canada,CAN,2020,212000
Canada,CAN,2021,300000
Canada,CAN,2022,410000
Canada,CAN,2023,550000
Canada,CAN,2024,870000
Canada,CAN,2025,1030000
Chile,CHL,2011,6
Chile,CHL,2012,11
Chile,CHL,2013,16
Chile,CHL,2014,33
Chile,CHL,2015,69
Chile,CHL,2016,100
Chile,CHL,2017,231
Chile,CHL,2018,410
Chile,CHL,2019,650
Chile,CHL,2020,840
Chile,CHL,2021,1410
Chile,CHL,2022,2900
Chile,CHL,2023,5700
Chile,CHL,2024,11300
Chile,CHL,2025,20000
China,CHN,2010,1940
China,CHN,2011,6960
China,CHN,2012,16920
China,CHN,2013,32600
China,CHN,2014,86000
China,CHN,2015,297000
China,CHN,2016,640000
China,CHN,2017,1220000
China,CHN,2018,2240000
China,CHN,2019,3360000
China,CHN,2020,4470000
China,CHN,2021,7700000
China,CHN,2022,13000000
China,CHN,2023,21500000
China,CHN,2024,32000000
China,CHN,2025,44000000
Colombia,COL,2012,27
Colombia,COL,2013,50
Colombia,COL,2014,77
Colombia,COL,2015,124
Colombia,COL,2016,169
Colombia,COL,2017,325
Colombia,COL,2018,890
Colombia,COL,2019,2050
Colombia,COL,2020,3200
Colombia,COL,2021,5800
Colombia,COL,2022,10100
Colombia,COL,2023,15600
Colombia,COL,2024,28500
Colombia,COL,2025,49000
Costa Rica,CRI,2015,12
Costa Rica,CRI,2016,119
Costa Rica,CRI,2017,156
Costa Rica,CRI,2018,430
Costa Rica,CRI,2019,810
Costa Rica,CRI,2020,1420
Costa Rica,CRI,2021,2550
Costa Rica,CRI,2022,5210
Costa Rica,CRI,2023,11440
Costa Rica,CRI,2024,23510
Costa Rica,CRI,2025,34700
Denmark,DNK,2010,79
Denmark,DNK,2011,500
Denmark,DNK,2012,1214
Denmark,DNK,2013,1514
Denmark,DNK,2014,3000
Denmark,DNK,2015,8470
Denmark,DNK,2016,9800
Denmark,DNK,2017,10600
Denmark,DNK,2018,15200
Denmark,DNK,2019,25900
Denmark,DNK,2020,62000
Denmark,DNK,2021,145000
Denmark,DNK,2022,210000
Denmark,DNK,2023,310000
Denmark,DNK,2024,460000
Denmark,DNK,2025,670000
Europe,OWID_EUR,2010,29000
Europe,OWID_EUR,2011,48000
Europe,OWID_EUR,2012,76000
Europe,OWID_EUR,2013,131000
Europe,OWID_EUR,2014,218000
Europe,OWID_EUR,2015,410000
Europe,OWID_EUR,2016,600000
Europe,OWID_EUR,2017,870000
Europe,OWID_EUR,2018,1240000
Europe,OWID_EUR,2019,1750000
Europe,OWID_EUR,2020,3100000
Europe,OWID_EUR,2021,5400000
Europe,OWID_EUR,2022,7800000
Europe,OWID_EUR,2023,11200000
Europe,OWID_EUR,2024,13500000
Europe,OWID_EUR,2025,17100000
European Union (27),OWID_EU27,2010,24100
European Union (27),OWID_EU27,2011,40000
European Union (27),OWID_EU27,2012,60000
European Union (27),OWID_EU27,2013,103000
European Union (27),OWID_EU27,2014,157000
European Union (27),OWID_EU27,2015,270000
European Union (27),OWID_EU27,2016,380000
European Union (27),OWID_EU27,2017,530000
European Union (27),OWID_EU27,2018,750000
European Union (27),OWID_EU27,2019,1090000
European Union (27),OWID_EU27,2020,2100000
European Union (27),OWID_EU27,2021,3900000
European Union (27),OWID_EU27,2022,5700000
European Union (27),OWID_EU27,2023,8100000
European Union (27),OWID_EU27,2024,9700000
European Union (27),OWID_EU27,2025,12000000
Finland,FIN,2010,23
Finland,FIN,2011,56
Finland,FIN,2012,240
Finland,FIN,2013,470
Finland,FIN,2014,930
Finland,FIN,2015,1580
Finland,FIN,2016,3240
Finland,FIN,2017,7100
Finland,FIN,2018,15400
Finland,FIN,2019,29700
Finland,FIN,2020,55700
Finland,FIN,2021,100000
Finland,FIN,2022,145000
Finland,FIN,2023,224000
Finland,FIN,2024,290000
Finland,FIN,2025,350000
France,FRA,2010,19460
France,FRA,2011,30100
France,FRA,2012,38500
France,FRA,2013,46000
France,FRA,2014,56000
France,FRA,2015,77000
France,FRA,2016,104000
France,FRA,2017,137000
France,FRA,2018,177000
France,FRA,2019,225000
France,FRA,2020,410000
France,FRA,2021,710000
France,FRA,2022,1040000
France,FRA,2023,1470000
France,FRA,2024,1910000
France,FRA,2025,2210000
Germany,DEU,2010,250
Germany,DEU,2011,1840
Germany,DEU,2012,5300
Germany,DEU,2013,12200
Germany,DEU,2014,25400
Germany,DEU,2015,45000
Germany,DEU,2016,66000
Germany,DEU,2017,104000
Germany,DEU,2018,165000
Germany,DEU,2019,240000
Germany,DEU,2020,610000
Germany,DEU,2021,1250000
Germany,DEU,2022,1860000
Germany,DEU,2023,2500000
Germany,DEU,2024,2670000
Germany,DEU,2025,3100000
Greece,GRC,2013,3
Greece,GRC,2014,42
Greece,GRC,2015,119
Greece,GRC,2016,218
Greece,GRC,2017,410
Greece,GRC,2018,720
Greece,GRC,2019,1200
Greece,GRC,2020,3300
Greece,GRC,2021,10300
Greece,GRC,2022,19400
Greece,GRC,2023,34000
Greece,GRC,2024,45000
Greece,GRC,2025,59000
Iceland,ISL,2010,14
Iceland,ISL,2011,14
Iceland,ISL,2012,40
Iceland,ISL,2013,142
Iceland,ISL,2014,292
Iceland,ISL,2015,710
Iceland,ISL,2016,1560
Iceland,ISL,2017,3900
Iceland,ISL,2018,8000
Iceland,ISL,2019,11000
Iceland,ISL,2020,15000
Iceland,ISL,2021,21500
Iceland,ISL,2022,33000
Iceland,ISL,2023,44000
Iceland,ISL,2024,49000
Iceland,ISL,2025,64000
India,IND,2010,880
India,IND,2011,1300
India,IND,2012,2800
India,IND,2013,2900
India,IND,2014,3400
India,IND,2015,4400
India,IND,2016,4800
India,IND,2017,7000
India,IND,2018,7900
India,IND,2019,8607
India,IND,2020,12050
India,IND,2021,23100
India,IND,2022,72120
India,IND,2023,150390
India,IND,2024,240480
India,IND,2025,410000
Indonesia,IDN,2019,49
Indonesia,IDN,2020,396
Indonesia,IDN,2021,1761
Indonesia,IDN,2022,12140
Indonesia,IDN,2023,29390
Indonesia,IDN,2024,78540
Indonesia,IDN,2025,185800
Israel,ISR,2010,6
Israel,ISR,2011,85
Israel,ISR,2012,611
Israel,ISR,2013,1018
Israel,ISR,2014,1270
Israel,ISR,2015,1340
Israel,ISR,2016,1400
Israel,ISR,2017,3100
Israel,ISR,2018,6800
Israel,ISR,2019,11400
Israel,ISR,2020,18800
Israel,ISR,2021,43000
Israel,ISR,2022,88000
Israel,ISR,2023,151000
Israel,ISR,2024,228000
Israel,ISR,2025,310000
Italy,ITA,2010,650
Italy,ITA,2011,760
Italy,ITA,2012,1200
Italy,ITA,2013,2180
Italy,ITA,2014,3620
Italy,ITA,2015,5700
Italy,ITA,2016,8500
Italy,ITA,2017,13400
Italy,ITA,2018,23000
Italy,ITA,2019,40000
Italy,ITA,2020,99000
Italy,ITA,2021,230000
Italy,ITA,2022,350000
Italy,ITA,2023,490000
Italy,ITA,2024,570000
Italy,ITA,2025,690000
Japan,JPN,2010,3500
Japan,JPN,2011,16015
Japan,JPN,2012,41000
Japan,JPN,2013,69000
Japan,JPN,2014,111000
Japan,JPN,2015,134000
Japan,JPN,2016,153000
Japan,JPN,2017,200000
Japan,JPN,2018,230000
Japan,JPN,2019,260000
Japan,JPN,2020,300000
Japan,JPN,2021,340000
Japan,JPN,2022,410000
Japan,JPN,2023,540000
Japan,JPN,2024,620000
Japan,JPN,2025,720000
Jordan,JOR,2017,217
Jordan,JOR,2018,410
Jordan,JOR,2019,790
Jordan,JOR,2020,1150
Jordan,JOR,2021,2410
Jordan,JOR,2022,3920
Jordan,JOR,2023,6010
Jordan,JOR,2024,11780
Jordan,JOR,2025,14820
Laos,LAO,2022,180
Laos,LAO,2023,740
Laos,LAO,2024,3330
Laos,LAO,2025,9480
Malaysia,MYS,2012,26
Malaysia,MYS,2013,14
Malaysia,MYS,2014,27
Malaysia,MYS,2015,79
Malaysia,MYS,2016,1832
Malaysia,MYS,2017,8325
Malaysia,MYS,2018,9311
Malaysia,MYS,2019,6652
Malaysia,MYS,2020,7340
Malaysia,MYS,2021,8630
Malaysia,MYS,2022,11700
Malaysia,MYS,2023,35000
Malaysia,MYS,2024,59000
Malaysia,MYS,2025,113000
Mexico,MEX,2011,3
Mexico,MEX,2012,91
Mexico,MEX,2013,100
Mexico,MEX,2014,150
Mexico,MEX,2015,247
Mexico,MEX,2016,1030
Mexico,MEX,2017,2230
Mexico,MEX,2018,4030
Mexico,MEX,2019,5600
Mexico,MEX,2020,9500
Mexico,MEX,2021,16000
Mexico,MEX,2022,24000
Mexico,MEX,2023,41000
Mexico,MEX,2024,67000
Mexico,MEX,2025,158000
Netherlands,NLD,2010,281
Netherlands,NLD,2011,1126
Netherlands,NLD,2012,6300
Netherlands,NLD,2013,28200
Netherlands,NLD,2014,43800
Netherlands,NLD,2015,88400
Netherlands,NLD,2016,112000
Netherlands,NLD,2017,118000
Netherlands,NLD,2018,143000
Netherlands,NLD,2019,207000
Netherlands,NLD,2020,290000
Netherlands,NLD,2021,390000
Netherlands,NLD,2022,530000
Netherlands,NLD,2023,730000
Netherlands,NLD,2024,980000
Netherlands,NLD,2025,1200000
New Zealand,NZL,2010,14
New Zealand,NZL,2011,29
New Zealand,NZL,2012,56
New Zealand,NZL,2013,92
New Zealand,NZL,2014,410
New Zealand,NZL,2015,910
New Zealand,NZL,2016,2360
New Zealand,NZL,2017,5900
New Zealand,NZL,2018,11400
New Zealand,NZL,2019,17400
New Zealand,NZL,2020,22900
New Zealand,NZL,2021,35400
New Zealand,NZL,2022,65000
New Zealand,NZL,2023,92000
New Zealand,NZL,2024,113000
New Zealand,NZL,2025,128000
Norway,NOR,2010,2702
Norway,NOR,2011,3903
Norway,NOR,2012,8340
Norway,NOR,2013,15660
Norway,NOR,2014,35300
Norway,NOR,2015,69000
Norway,NOR,2016,114000
Norway,NOR,2017,180000
Norway,NOR,2018,247000
Norway,NOR,2019,330000
Norway,NOR,2020,490000
Norway,NOR,2021,630000
Norway,NOR,2022,790000
Norway,NOR,2023,900000
Norway,NOR,2024,1000000
Norway,NOR,2025,1060000
Philippines,PHL,2017,16
Philippines,PHL,2018,20
Philippines,PHL,2019,373
Philippines,PHL,2020,649
Philippines,PHL,2021,930
Philippines,PHL,2022,1250
Philippines,PHL,2023,1610
Philippines,PHL,2024,4800
Philippines,PHL,2025,35000
Poland,POL,2015,2500
Poland,POL,2016,2600
Poland,POL,2017,3100
Poland,POL,2018,3700
Poland,POL,2019,8600
Poland,POL,2020,17700
Poland,POL,2021,37000
Poland,POL,2022,61000
Poland,POL,2023,99000
Poland,POL,2024,143000
Poland,POL,2025,240000
Portugal,PRT,2010,720
Portugal,PRT,2011,910
Portugal,PRT,2012,960
Portugal,PRT,2013,1137
Portugal,PRT,2014,1346
Portugal,PRT,2015,2530
Portugal,PRT,2016,4400
Portugal,PRT,2017,8800
Portugal,PRT,2018,16700
Portugal,PRT,2019,30000
Portugal,PRT,2020,49000
Portugal,PRT,2021,78000
Portugal,PRT,2022,111000
Portugal,PRT,2023,175000
Portugal,PRT,2024,240000
Portugal,PRT,2025,330000
Rest of World,,2010,2595
Rest of World,,2011,3388
Rest of World,,2012,5086
Rest of World,,2013,6404
Rest of World,,2014,5024
Rest of World,,2015,7327
Rest of World,,2016,14933
Rest of World,,2017,-42632
Rest of World,,2018,91916
Rest of World,,2019,-4114
Rest of World,,2020,149282
Rest of World,,2021,-63661
Rest of World,,2022,642301
Rest of World,,2023,454847
Rest of World,,2024,761960
Rest of World,,2025,2461820
Russia,RUS,2012,90
Russia,RUS,2013,90
Russia,RUS,2014,90
Russia,RUS,2015,255
Russia,RUS,2016,627
Russia,RUS,2017,770
Russia,RUS,2018,1900
Russia,RUS,2019,3100
Russia,RUS,2020,4600
Russia,RUS,2021,6700
Russia,RUS,2022,7400
Russia,RUS,2023,12800
Russia,RUS,2024,53000
Russia,RUS,2025,84000
Singapore,SGP,2016,2
Singapore,SGP,2017,680
Singapore,SGP,2018,1580
Singapore,SGP,2019,3070
Singapore,SGP,2020,4200
Singapore,SGP,2021,7400
Singapore,SGP,2022,11100
Singapore,SGP,2023,16400
Singapore,SGP,2024,29000
Singapore,SGP,2025,49600
South Africa,ZAF,2013,34
South Africa,ZAF,2014,49
South Africa,ZAF,2015,280
South Africa,ZAF,2016,660
South Africa,ZAF,2017,860
South Africa,ZAF,2018,1010
South Africa,ZAF,2019,1240
South Africa,ZAF,2020,1470
South Africa,ZAF,2021,1740
South Africa,ZAF,2022,2220
South Africa,ZAF,2023,3500
South Africa,ZAF,2024,5100
South Africa,ZAF,2025,9200
South Korea,KOR,2010,61
South Korea,KOR,2011,340
South Korea,KOR,2012,850
South Korea,KOR,2013,1400
South Korea,KOR,2014,2700
South Korea,KOR,2015,6050
South Korea,KOR,2016,10580
South Korea,KOR,2017,25300
South Korea,KOR,2018,60600
South Korea,KOR,2019,100000
South Korea,KOR,2020,144000
South Korea,KOR,2021,234000
South Korea,KOR,2022,357000
South Korea,KOR,2023,489000
South Korea,KOR,2024,617000
South Korea,KOR,2025,834000
Spain,ESP,2010,76
Spain,ESP,2011,468
Spain,ESP,2012,1010
Spain,ESP,2013,1890
Spain,ESP,2014,3620
Spain,ESP,2015,5700
Spain,ESP,2016,9300
Spain,ESP,2017,16300
Spain,ESP,2018,28000
Spain,ESP,2019,45000
Spain,ESP,2020,88000
Spain,ESP,2021,155000
Spain,ESP,2022,226000
Spain,ESP,2023,360000
Spain,ESP,2024,450000
Spain,ESP,2025,630000
Sweden,SWE,2010,4
Sweden,SWE,2011,180
Sweden,SWE,2012,1250
Sweden,SWE,2013,2600
Sweden,SWE,2014,7100
Sweden,SWE,2015,14600
Sweden,SWE,2016,26500
Sweden,SWE,2017,43000
Sweden,SWE,2018,66000
Sweden,SWE,2019,97000
Sweden,SWE,2020,176000
Sweden,SWE,2021,300000
Sweden,SWE,2022,440000
Sweden,SWE,2023,560000
Sweden,SWE,2024,670000
Sweden,SWE,2025,800000
Switzerland,CHE,2011,441
Switzerland,CHE,2012,1180
Switzerland,CHE,2013,2500
Switzerland,CHE,2014,5410
Switzerland,CHE,2015,11000
Switzerland,CHE,2016,16000
Switzerland,CHE,2017,25000
Switzerland,CHE,2018,35000
Switzerland,CHE,2019,50000
Switzerland,CHE,2020,84000
Switzerland,CHE,2021,138000
Switzerland,CHE,2022,201000
Switzerland,CHE,2023,258000
Switzerland,CHE,2024,320000
Switzerland,CHE,2025,400000
Thailand,THA,2010,4
Thailand,THA,2011,13
Thailand,THA,2012,18
Thailand,THA,2013,30
Thailand,THA,2014,99
Thailand,THA,2015,370
Thailand,THA,2016,375
Thailand,THA,2017,402
Thailand,THA,2018,8690
Thailand,THA,2019,18890
Thailand,THA,2020,26200
Thailand,THA,2021,35100
Thailand,THA,2022,56000
Thailand,THA,2023,147000
Thailand,THA,2024,225000
Thailand,THA,2025,364000
Turkey,TUR,2013,230
Turkey,TUR,2014,260
Turkey,TUR,2015,370
Turkey,TUR,2016,630
Turkey,TUR,2017,740
Turkey,TUR,2018,930
Turkey,TUR,2019,1840
Turkey,TUR,2020,3900
Turkey,TUR,2021,8600
Turkey,TUR,2022,16300
Turkey,TUR,2023,81700
Turkey,TUR,2024,185000
Turkey,TUR,2025,421000
United Arab Emirates,ARE,2012,340
United Arab Emirates,ARE,2013,936
United Arab Emirates,ARE,2014,1330
United Arab Emirates,ARE,2015,1910
United Arab Emirates,ARE,2016,2340
United Arab Emirates,ARE,2017,2390
United Arab Emirates,ARE,2018,2400
United Arab Emirates,ARE,2019,2600
United Arab Emirates,ARE,2020,9000
United Arab Emirates,ARE,2021,18800
United Arab Emirates,ARE,2022,58000
United Arab Emirates,ARE,2023,120000
United Arab Emirates,ARE,2024,159000
United Arab Emirates,ARE,2025,196000
United Kingdom,GBR,2010,1521
United Kingdom,GBR,2011,2628
United Kingdom,GBR,2012,5090
United Kingdom,GBR,2013,8200
United Kingdom,GBR,2014,21700
United Kingdom,GBR,2015,48000
United Kingdom,GBR,2016,85000
United Kingdom,GBR,2017,129000
United Kingdom,GBR,2018,186000
United Kingdom,GBR,2019,251000
United Kingdom,GBR,2020,410000
United Kingdom,GBR,2021,710000
United Kingdom,GBR,2022,950000
United Kingdom,GBR,2023,1580000
United Kingdom,GBR,2024,1990000
United Kingdom,GBR,2025,2460000
United States,USA,2010,3800
United States,USA,2011,22000
United States,USA,2012,75000
United States,USA,2013,172000
United States,USA,2014,290000
United States,USA,2015,400000
United States,USA,2016,570000
United States,USA,2017,760000
United States,USA,2018,1120000
United States,USA,2019,1450000
United States,USA,2020,1740000
United States,USA,2021,2220000
United States,USA,2022,3010000
United States,USA,2023,4800000
United States,USA,2024,6300000
United States,USA,2025,7800000
Uzbekistan,UZB,2023,9960
Uzbekistan,UZB,2024,32400
Uzbekistan,UZB,2025,63000
Vietnam,VNM,2018,3
Vietnam,VNM,2019,3
Vietnam,VNM,2020,3
Vietnam,VNM,2021,88
Vietnam,VNM,2022,7419
Vietnam,VNM,2023,39083
Vietnam,VNM,2024,110170
Vietnam,VNM,2025,280240
World,OWID_WRL,2010,39000
World,OWID_WRL,2011,95000
World,OWID_WRL,2012,219000
World,OWID_WRL,2013,420000
World,OWID_WRL,2014,730000
World,OWID_WRL,2015,1270000
World,OWID_WRL,2016,2030000
World,OWID_WRL,2017,3100000
World,OWID_WRL,2018,5100000
World,OWID_WRL,2019,7100000
World,OWID_WRL,2020,10200000
World,OWID_WRL,2021,16200000
World,OWID_WRL,2022,25800000
World,OWID_WRL,2023,40000000
World,OWID_WRL,2024,56000000
World,OWID_WRL,2025,76000000
